{
  "height": 250,
  "width": 250,
  "x": 484.6000061035156,
  "y": 567.2000122070312
}